{
  "results": {
    "hellaswag_zeroshot": 0.30780720710754395,
    "jeopardy": 0.012281530536711216,
    "bigbench_qa_wikidata": 0.293735533952713,
    "arc_easy": 0.46885520219802856,
    "arc_challenge": 0.23634812235832214,
    "copa": 0.6200000047683716,
    "commonsense_qa": 0.32514333724975586,
    "piqa": 0.6175190210342407,
    "openbook_qa": 0.27800002694129944,
    "lambada_openai": 0.2608189284801483,
    "hellaswag": 0.30780720710754395,
    "winograd": 0.5860806107521057,
    "winogrande": 0.4988161027431488,
    "bigbench_dyck_languages": 0.1720000058412552,
    "agi_eval_lsat_ar": 0.27826085686683655,
    "bigbench_cs_algorithms": 0.3477272689342499,
    "bigbench_operators": 0.1190476268529892,
    "bigbench_repeat_copy_logic": 0.03125,
    "squad": 0.029706716537475586,
    "coqa": 0.09595390409231186,
    "boolq": 0.5917431116104126,
    "bigbench_language_identification": 0.2525999844074249
  },
  "centered_results": {
    "hellaswag_zeroshot": 0.07707627614339192,
    "jeopardy": 0.012281530536711216,
    "bigbench_qa_wikidata": 0.293735533952713,
    "arc_easy": 0.2918069362640381,
    "arc_challenge": -0.01820250352223714,
    "copa": 0.24000000953674316,
    "commonsense_qa": 0.1564291715621948,
    "piqa": 0.23503804206848145,
    "openbook_qa": 0.03733336925506592,
    "lambada_openai": 0.2608189284801483,
    "hellaswag": 0.07707627614339192,
    "winograd": 0.17216122150421143,
    "winogrande": -0.0023677945137023926,
    "bigbench_dyck_languages": 0.1720000058412552,
    "agi_eval_lsat_ar": 0.09782607108354567,
    "bigbench_cs_algorithms": 0.3477272689342499,
    "bigbench_operators": 0.1190476268529892,
    "bigbench_repeat_copy_logic": 0.03125,
    "squad": 0.029706716537475586,
    "coqa": 0.09595390409231186,
    "boolq": -0.07436023260417736,
    "bigbench_language_identification": 0.17777776062422984
  },
  "core_metric": 0.12864164176241052
}