{
  "arch_id": [
    "gdn",
    "gdn",
    "gdn",
    "gdn",
    "gdn",
    "gdn",
    "gdn",
    "gdn",
    "gdn",
    "gdn",
    "gdn",
    "gdn",
    "gdn",
    "gdn",
    "gdn",
    "gdn",
    "gdn",
    "gdn",
    "gdn",
    "gdn",
    "gdn",
    "gdn",
    "gdn",
    "gdn",
    "gdn",
    "gdn",
    "gdn",
    "gdn",
    "gdn",
    "gdn",
    "gdn",
    "gdn",
    "gdn",
    "gdn",
    "gdn",
    "gdn",
    "gdn",
    "gdn",
    "gdn",
    "gdn",
    "gdn",
    "gdn",
    "gdn",
    "gdn",
    "gdn",
    "gdn",
    "gdn",
    "gdn",
    "gdn",
    "gdn"
  ],
  "n": [
    "20M",
    "20M",
    "20M",
    "20M",
    "20M",
    "20M",
    "20M",
    "20M",
    "20M",
    "20M",
    "20M",
    "20M",
    "20M",
    "20M",
    "20M",
    "20M",
    "20M",
    "20M",
    "20M",
    "20M",
    "20M",
    "20M",
    "20M",
    "20M",
    "20M",
    "20M",
    "20M",
    "20M",
    "20M",
    "20M",
    "150M",
    "150M",
    "150M",
    "150M",
    "150M",
    "150M",
    "150M",
    "150M",
    "150M",
    "150M",
    "150M",
    "150M",
    "150M",
    "150M",
    "150M",
    "150M",
    "150M",
    "150M",
    "150M",
    "150M"
  ],
  "d": [
    "0.5B",
    "1.0B",
    "15.0B",
    "7.5B",
    "3.0B",
    "0.5B",
    "1.0B",
    "15.0B",
    "7.5B",
    "3.0B",
    "0.5B",
    "1.0B",
    "15.0B",
    "7.5B",
    "3.0B",
    "0.5B",
    "1.0B",
    "15.0B",
    "7.5B",
    "3.0B",
    "0.5B",
    "1.0B",
    "15.0B",
    "7.5B",
    "3.0B",
    "0.5B",
    "1.0B",
    "15.0B",
    "7.5B",
    "3.0B",
    "3.0B",
    "1.0B",
    "15.0B",
    "7.5B",
    "0.5B",
    "3.0B",
    "1.0B",
    "15.0B",
    "7.5B",
    "0.5B",
    "3.0B",
    "1.0B",
    "15.0B",
    "7.5B",
    "0.5B",
    "3.0B",
    "1.0B",
    "15.0B",
    "7.5B",
    "0.5B"
  ],
  "gbs": [
    64,
    64,
    64,
    64,
    64,
    64,
    64,
    64,
    64,
    64,
    64,
    64,
    64,
    64,
    64,
    64,
    64,
    64,
    64,
    64,
    64,
    64,
    64,
    64,
    64,
    64,
    64,
    64,
    64,
    64,
    64,
    64,
    64,
    64,
    64,
    64,
    64,
    64,
    64,
    64,
    64,
    64,
    64,
    64,
    64,
    64,
    64,
    64,
    64,
    64
  ],
  "lr": [
    0.00025,
    0.00025,
    0.00025,
    0.00025,
    0.00025,
    0.0005,
    0.0005,
    0.0005,
    0.0005,
    0.0005,
    0.008,
    0.008,
    0.008,
    0.008,
    0.008,
    0.002,
    0.002,
    0.002,
    0.002,
    0.002,
    0.001,
    0.001,
    0.001,
    0.001,
    0.001,
    0.004,
    0.004,
    0.004,
    0.004,
    0.004,
    0.004,
    0.004,
    0.004,
    0.004,
    0.004,
    0.00025,
    0.00025,
    0.00025,
    0.00025,
    0.00025,
    0.0005,
    0.0005,
    0.0005,
    0.0005,
    0.0005,
    0.002,
    0.002,
    0.002,
    0.002,
    0.002
  ],
  "checkpoint_filename": [
    "ckpt_decayed_to_0p5B.pt",
    "ckpt_decayed_to_1p0B.pt",
    "ckpt_decayed_to_15p0B.pt",
    "ckpt_decayed_to_7p5B.pt",
    "ckpt_decayed_to_3p0B.pt",
    "ckpt_decayed_to_0p5B.pt",
    "ckpt_decayed_to_1p0B.pt",
    "ckpt_decayed_to_15p0B.pt",
    "ckpt_decayed_to_7p5B.pt",
    "ckpt_decayed_to_3p0B.pt",
    "ckpt_decayed_to_0p5B.pt",
    "ckpt_decayed_to_1p0B.pt",
    "ckpt_decayed_to_15p0B.pt",
    "ckpt_decayed_to_7p5B.pt",
    "ckpt_decayed_to_3p0B.pt",
    "ckpt_decayed_to_0p5B.pt",
    "ckpt_decayed_to_1p0B.pt",
    "ckpt_decayed_to_15p0B.pt",
    "ckpt_decayed_to_7p5B.pt",
    "ckpt_decayed_to_3p0B.pt",
    "ckpt_decayed_to_0p5B.pt",
    "ckpt_decayed_to_1p0B.pt",
    "ckpt_decayed_to_15p0B.pt",
    "ckpt_decayed_to_7p5B.pt",
    "ckpt_decayed_to_3p0B.pt",
    "ckpt_decayed_to_0p5B.pt",
    "ckpt_decayed_to_1p0B.pt",
    "ckpt_decayed_to_15p0B.pt",
    "ckpt_decayed_to_7p5B.pt",
    "ckpt_decayed_to_3p0B.pt",
    "ckpt_decayed_to_3p0B.pt",
    "ckpt_decayed_to_1p0B.pt",
    "ckpt_decayed_to_15p0B.pt",
    "ckpt_decayed_to_7p5B.pt",
    "ckpt_decayed_to_0p5B.pt",
    "ckpt_decayed_to_3p0B.pt",
    "ckpt_decayed_to_1p0B.pt",
    "ckpt_decayed_to_15p0B.pt",
    "ckpt_decayed_to_7p5B.pt",
    "ckpt_decayed_to_0p5B.pt",
    "ckpt_decayed_to_3p0B.pt",
    "ckpt_decayed_to_1p0B.pt",
    "ckpt_decayed_to_15p0B.pt",
    "ckpt_decayed_to_7p5B.pt",
    "ckpt_decayed_to_0p5B.pt",
    "ckpt_decayed_to_3p0B.pt",
    "ckpt_decayed_to_1p0B.pt",
    "ckpt_decayed_to_15p0B.pt",
    "ckpt_decayed_to_7p5B.pt",
    "ckpt_decayed_to_0p5B.pt"
  ],
  "metrics_filename": [
    "metrics_decayed_to_0p5B.json",
    "metrics_decayed_to_1p0B.json",
    "metrics_decayed_to_15p0B.json",
    "metrics_decayed_to_7p5B.json",
    "metrics_decayed_to_3p0B.json",
    "metrics_decayed_to_0p5B.json",
    "metrics_decayed_to_1p0B.json",
    "metrics_decayed_to_15p0B.json",
    "metrics_decayed_to_7p5B.json",
    "metrics_decayed_to_3p0B.json",
    "metrics_decayed_to_0p5B.json",
    "metrics_decayed_to_1p0B.json",
    "metrics_decayed_to_15p0B.json",
    "metrics_decayed_to_7p5B.json",
    "metrics_decayed_to_3p0B.json",
    "metrics_decayed_to_0p5B.json",
    "metrics_decayed_to_1p0B.json",
    "metrics_decayed_to_15p0B.json",
    "metrics_decayed_to_7p5B.json",
    "metrics_decayed_to_3p0B.json",
    "metrics_decayed_to_0p5B.json",
    "metrics_decayed_to_1p0B.json",
    "metrics_decayed_to_15p0B.json",
    "metrics_decayed_to_7p5B.json",
    "metrics_decayed_to_3p0B.json",
    "metrics_decayed_to_0p5B.json",
    "metrics_decayed_to_1p0B.json",
    "metrics_decayed_to_15p0B.json",
    "metrics_decayed_to_7p5B.json",
    "metrics_decayed_to_3p0B.json",
    "metrics_decayed_to_3p0B.json",
    "metrics_decayed_to_1p0B.json",
    "metrics_decayed_to_15p0B.json",
    "metrics_decayed_to_7p5B.json",
    "metrics_decayed_to_0p5B.json",
    "metrics_decayed_to_3p0B.json",
    "metrics_decayed_to_1p0B.json",
    "metrics_decayed_to_15p0B.json",
    "metrics_decayed_to_7p5B.json",
    "metrics_decayed_to_0p5B.json",
    "metrics_decayed_to_3p0B.json",
    "metrics_decayed_to_1p0B.json",
    "metrics_decayed_to_15p0B.json",
    "metrics_decayed_to_7p5B.json",
    "metrics_decayed_to_0p5B.json",
    "metrics_decayed_to_3p0B.json",
    "metrics_decayed_to_1p0B.json",
    "metrics_decayed_to_15p0B.json",
    "metrics_decayed_to_7p5B.json",
    "metrics_decayed_to_0p5B.json"
  ],
  "cluster_location": [
    "tud",
    "tud",
    "tud",
    "tud",
    "tud",
    "tud",
    "tud",
    "tud",
    "tud",
    "tud",
    "tud",
    "tud",
    "tud",
    "tud",
    "tud",
    "tud",
    "tud",
    "tud",
    "tud",
    "tud",
    "tud",
    "tud",
    "tud",
    "tud",
    "tud",
    "tud",
    "tud",
    "tud",
    "tud",
    "tud",
    "tud",
    "tud",
    "tud",
    "tud",
    "tud",
    "tud",
    "tud",
    "tud",
    "tud",
    "tud",
    "tud",
    "tud",
    "tud",
    "tud",
    "tud",
    "tud",
    "tud",
    "tud",
    "tud",
    "tud"
  ],